{
  "total": 20,
  "successful": 20,
  "failed": 0,
  "failed_files": [],
  "results": [
    {
      "success": true,
      "input_file": "Data/images\\F30.png",
      "output_file": "Data/processed_images\\enhanced_F30.png",
      "original_quality": {
        "sharpness": 17271.7151294258,
        "contrast": 48.25942975183597,
        "brightness": 244.15104257205437,
        "noise_estimate": 36.477001703577514,
        "histogram_std": 26116.12109375,
        "resolution": "587x784",
        "quality_score": 62.59607040136806
      },
      "enhanced_quality": {
        "sharpness": 1478.1411187536241,
        "contrast": 44.43180469635557,
        "brightness": 242.9411199542239,
        "noise_estimate": 10.848477944236372,
        "histogram_std": 98389.8984375,
        "resolution": "1200x1602",
        "quality_score": 69.56932923173409
      },
      "quality_improvement": 6.973258830366028,
      "improvement_successful": "True"
    },
    {
      "success": true,
      "input_file": "Data/images\\complex_invoice_0001.png",
      "output_file": "Data/processed_images\\enhanced_complex_invoice_0001.png",
      "original_quality": {
        "sharpness": 3559.5749336229765,
        "contrast": 36.82556416755992,
        "brightness": 243.08600492424242,
        "noise_estimate": 12.811815530303031,
        "histogram_std": 137302.015625,
        "resolution": "1200x2200",
        "quality_score": 66.92432359166172
      },
      "enhanced_quality": {
        "sharpness": 3643.2844547579202,
        "contrast": 38.54616136214575,
        "brightness": 242.38904204545454,
        "noise_estimate": 12.897075378787878,
        "histogram_std": 136165.59375,
        "resolution": "1200x2200",
        "quality_score": 67.5602531837198
      },
      "quality_improvement": 0.6359295920580763,
      "improvement_successful": "True"
    },
    {
      "success": true,
      "input_file": "Data/images\\complex_invoice_0002.png",
      "output_file": "Data/processed_images\\enhanced_complex_invoice_0002.png",
      "original_quality": {
        "sharpness": 3779.908613982019,
        "contrast": 44.95479150891833,
        "brightness": 240.75719924242424,
        "noise_estimate": 13.209785227272727,
        "histogram_std": 137544.609375,
        "resolution": "1200x2200",
        "quality_score": 69.7788368114991
      },
      "enhanced_quality": {
        "sharpness": 3781.494245774665,
        "contrast": 45.134041626240915,
        "brightness": 240.62546022727273,
        "noise_estimate": 13.193630681818181,
        "histogram_std": 136397.21875,
        "resolution": "1200x2200",
        "quality_score": 69.85745601246165
      },
      "quality_improvement": 0.07861920096254948,
      "improvement_successful": "True"
    },
    {
      "success": true,
      "input_file": "Data/images\\25012 _ TudioDev - Enregistrement de noms de domaines - 636 TTC (1)_page1.png",
      "output_file": "Data/processed_images\\enhanced_25012 _ TudioDev - Enregistrement de noms de domaines - 636 TTC (1)_page1.png",
      "original_quality": {
        "sharpness": 1151.3889659853269,
        "contrast": 55.12704244834398,
        "brightness": 234.40643647414126,
        "noise_estimate": 5.98110425962409,
        "histogram_std": 454162.15625,
        "resolution": "2484x3509",
        "quality_score": 74.85355703356991
      },
      "enhanced_quality": {
        "sharpness": 3101.6350422812193,
        "contrast": 54.82274697636403,
        "brightness": 234.1200540806293,
        "noise_estimate": 13.84405604719764,
        "histogram_std": 104037.25,
        "resolution": "1200x1695",
        "quality_score": 73.82034297411573
      },
      "quality_improvement": -1.0332140594541812,
      "improvement_successful": "True"
    },
    {
      "success": true,
      "input_file": "Data/images\\invoice_0002.png",
      "output_file": "Data/processed_images\\enhanced_invoice_0002.png",
      "original_quality": {
        "sharpness": 2098.8272415124156,
        "contrast": 46.27918849797382,
        "brightness": 241.18542401960784,
        "noise_estimate": 5.794716176470589,
        "histogram_std": 116852.546875,
        "resolution": "1200x1700",
        "quality_score": 71.05268438049427
      },
      "enhanced_quality": {
        "sharpness": 2086.36895279631,
        "contrast": 46.232098706178746,
        "brightness": 241.1981995098039,
        "noise_estimate": 5.790288235294118,
        "histogram_std": 116793.875,
        "resolution": "1200x1700",
        "quality_score": 71.03652614286224
      },
      "quality_improvement": -0.01615823763202684,
      "improvement_successful": "True"
    },
    {
      "success": true,
      "input_file": "Data/images\\invoice_0001.png",
      "output_file": "Data/processed_images\\enhanced_invoice_0001.png",
      "original_quality": {
        "sharpness": 1656.8615218149544,
        "contrast": 34.78264849707259,
        "brightness": 244.77363529411764,
        "noise_estimate": 5.006576960784313,
        "histogram_std": 116757.4296875,
        "resolution": "1200x1700",
        "quality_score": 66.99787502053127
      },
      "enhanced_quality": {
        "sharpness": 1727.6764302897955,
        "contrast": 35.89467432549965,
        "brightness": 244.43157107843138,
        "noise_estimate": 5.159620588235294,
        "histogram_std": 116694.78125,
        "resolution": "1200x1700",
        "quality_score": 67.37970017218433
      },
      "quality_improvement": 0.38182515165306086,
      "improvement_successful": "True"
    },
    {
      "success": true,
      "input_file": "Data/images\\Facture-383309_page1.png",
      "output_file": "Data/processed_images\\enhanced_Facture-383309_page1.png",
      "original_quality": {
        "sharpness": 503.56181939270516,
        "contrast": 93.74945219442782,
        "brightness": 203.43021662468283,
        "noise_estimate": 3.2081704649750877,
        "histogram_std": 396302.40625,
        "resolution": "2481x3508",
        "quality_score": 72.91986192605259
      },
      "enhanced_quality": {
        "sharpness": 1992.60954207062,
        "contrast": 93.31702947292139,
        "brightness": 203.42528400157232,
        "noise_estimate": 8.175947327044025,
        "histogram_std": 89290.4609375,
        "resolution": "1200x1696",
        "quality_score": 87.19280595887382
      },
      "quality_improvement": 14.27294403282123,
      "improvement_successful": "True"
    },
    {
      "success": true,
      "input_file": "Data/images\\page_034.png",
      "output_file": "Data/processed_images\\enhanced_page_034.png",
      "original_quality": {
        "sharpness": 477.71995673389137,
        "contrast": 42.110094713165594,
        "brightness": 236.86976425623794,
        "noise_estimate": 3.4234531355060143,
        "histogram_std": 405892.15625,
        "resolution": "2481x3508",
        "quality_score": 55.05217099290556
      },
      "enhanced_quality": {
        "sharpness": 2235.5225854952832,
        "contrast": 42.9064478386142,
        "brightness": 236.34310780267296,
        "noise_estimate": 9.314830974842767,
        "histogram_std": 92623.828125,
        "resolution": "1200x1696",
        "quality_score": 70.31530048354394
      },
      "quality_improvement": 15.263129490638377,
      "improvement_successful": "True"
    },
    {
      "success": true,
      "input_file": "Data/images\\complex_invoice_0001.png",
      "output_file": "Data/processed_images\\enhanced_complex_invoice_0001.png",
      "original_quality": {
        "sharpness": 3559.5749336229765,
        "contrast": 36.82556416755992,
        "brightness": 243.08600492424242,
        "noise_estimate": 12.811815530303031,
        "histogram_std": 137302.015625,
        "resolution": "1200x2200",
        "quality_score": 66.92432359166172
      },
      "enhanced_quality": {
        "sharpness": 3643.2844547579202,
        "contrast": 38.54616136214575,